Zulassungsnummer	Name	Ortschaft	Kategorie	Nebentätigkeiten	Tierarten	adr2	lat	lng
4	ETABLISSEMENT NIESSEN	TROISVIERGES	CP(I)	MM, MP, PP(VI), GHE, CP(IV)	B, P, O, C, S	ETABLISSEMENT NIESSEN,TROISVIERGES, Luxembourg	50,1187585	5,9959767
16	Artisal-Kern	Ehlerange	CP(I)	MP, MM, PP(VI), CS	B, P, O, C, S	Artisal-Kern,Ehlerange, Luxembourg	49,5212517	5,9710792
46	Boucherie KIRSCH	EISCHEN	CP(I)	GHE, MP, PP(VI)	 	Boucherie KIRSCH,EISCHEN, Luxembourg	49,684279	5,8783411
23	BIOGROS	MUNSBACH	CS	 	 	BIOGROS,MUNSBACH, Luxembourg	49,6437483	6,2709084
24	Vincente&fils	GARNICH	CS	 	 	Vincente&fils,GARNICH, Luxembourg	49,6151984	5,9463909
25	ARISECOM S.a.r.l.	Luxembourg	CS	RW	 	ARISECOM S.a.r.l.,Luxembourg, Luxembourg	49,815273	6,129583
30	GOURMET TRADE S.A.	LIVANGE	CS	RW, FFPP	 	GOURMET TRADE S.A.,LIVANGE, Luxembourg	49,5318108	6,1220058
33	EUROFOOD	BETTEMBOURG	CS	 	 	EUROFOOD,BETTEMBOURG, Luxembourg	49,5085057	6,1127527
34	BEXEB	BASCHARAGE	CS	 	 	BEXEB,BASCHARAGE, Luxembourg	49,5626558	5,9320237
36	GALBANI	BETTEMBOURG	CS	 	 	GALBANI,BETTEMBOURG, Luxembourg	49,5192118	6,1002461
37	LINKGEL	MAMER	CS	 	 	LINKGEL,MAMER, Luxembourg	49,6354054	6,0208671
38	LUX-FRAIS	EHLERANGE	CS	PP(VIII)	 	LUX-FRAIS,EHLERANGE, Luxembourg	49,5202539	5,9694275
39	Jean Maret S.A.	RAMBROUCH	CS	RW	 	Jean Maret S.A.,RAMBROUCH, Luxembourg	49,485742	6,0850151
40	CROSS DOCKING	CAPELLEN	CS	RW	 	CROSS DOCKING,CAPELLEN, Luxembourg	49,5361009	5,9366646
41	PRIMAFOOD	BASCHARAGE	CS	RW, CP(I), FFPP	B, P, O, C, S	PRIMAFOOD,BASCHARAGE, Luxembourg	49,5623406	5,9333028
44	KASS	KEHLEN	CS	 	 	KASS,KEHLEN, Luxembourg	49,6634933	6,012487
47	BONDANI	BERTRANGE	CS	 	 	BONDANI,BERTRANGE, Luxembourg	49,6066419	6,1076666
53	ALDO BEI et FILS	SCHIFFLANGE/FOETZ	CS	 	 	ALDO BEI et FILS,SCHIFFLANGE/FOETZ, Luxembourg	49,5216932	6,0156583
54	RESUMA S.A	CAPELLEN	CS	RW	 	RESUMA S.A,CAPELLEN, Luxembourg	49,646	5,98474
61	CFL Logistics	DUDELANGE	CS	 	 	CFL Logistics,DUDELANGE, Luxembourg	49,4994263	6,0950628
21	Poissonnerie Artic	SANDWEILER	FFPP	 	 	Poissonnerie Artic,SANDWEILER, Luxembourg	49,6158218	6,2210951
31	La Provencale	LEUDELANGE	FFPP	PP(VIII), DC	 	La Provencale,LEUDELANGE, Luxembourg	49,5781563	6,0929767
58	LU CHA S.à.r.l	STRASSEN	FFPP	 	 	LU CHA S.à.r.l,STRASSEN, Luxembourg	49,62044	6,07039
13	KAEMPFF-KOHLER S.A.	NIEDERANVEN	GHE	CP(IV), PP(VI), SH(III), CP(III)	 	KAEMPFF-KOHLER S.A.,NIEDERANVEN, Luxembourg	49,6442783	6,2704571
L-1	EKABE	ESCHWEILER	PP(IX)	 	 	EKABE,ESCHWEILER, Luxembourg	49,7144221	6,3039102
L-1	LACTALIS LUXEMBOURG	ESCHWEILER	PP(IX)	 	 	LACTALIS LUXEMBOURG,ESCHWEILER, Luxembourg	49,714697	6,3027547
L-10	BIOG MOLKEREI	BASCHARAGE	PP(IX)	 	 	BIOG MOLKEREI,BASCHARAGE, Luxembourg	49,62951	6,26798
L11	Yves Radelet	DRAUFELT	PP(IX)	 	 	Yves Radelet,DRAUFELT, Luxembourg	50,0186762	6,0056749
L-2	LUXLAIT	ROOST	PP(IX)	 	 	LUXLAIT,ROOST, Luxembourg	49,7785254	6,0837356
L-3	FROMAGERIE KASSHAFF	ROLLINGEN/MERSCH	PP(IX)	 	 	FROMAGERIE KASSHAFF,ROLLINGEN/MERSCH, Luxembourg	49,7308681	6,1249524
L-4	NOUVELLE LUXLAIT PRODUITS	MERSCH	PP(IX)	CS	 	NOUVELLE LUXLAIT PRODUITS,MERSCH, Luxembourg	49,7785254	6,0837356
L-5	LA FROMAGERIE DE LUXEMBOURG	FENTANGE	PP(IX)	 	 	LA FROMAGERIE DE LUXEMBOURG,FENTANGE, Luxembourg	49,5646588	6,1533324
L-6	SCHMALEN René	BERDORF	PP(IX)	 	 	SCHMALEN René,BERDORF, Luxembourg	49,8212829	6,3489977
L-7	BIOG	HUPPERDANGE	PP(IX)	 	 	BIOG,HUPPERDANGE, Luxembourg	50,0959	6,05718
L-8	MOLKEREI THIRY	SCHOUWEILER	PP(IX)	 	 	MOLKEREI THIRY,SCHOUWEILER, Luxembourg	49,5794267	5,9440749
L-9	BALTES-ALT	STEGEN	PP(IX)	 	 	BALTES-ALT,STEGEN, Luxembourg	49,8238963	6,1720062
6	La Provencale	LEUDELANGE	PP(VI)	CP(I), MP, MM, CP(II), GHE, CS, RW	B, P, O, C, S, A, L	La Provencale,LEUDELANGE, Luxembourg	49,5781563	6,0929767
10	CATERMAN	WINDHOF	PP(VI)	MP, MM, CP(II), PP(VIII), CS	 	CATERMAN,WINDHOF, Luxembourg	49,6422674	5,9638971
11	CARNESA	TOSSENBERG	PP(VI)	MP, MM, RW, CS	 	CARNESA,TOSSENBERG, Luxembourg	49,6236215	6,0493681
12	TAVOLA	CAPELLEN	PP(VI)	CS, PP(VIII)	 	TAVOLA,CAPELLEN, Luxembourg	49,640534	6,0088668
14	SALAISON MARCO MEYER	BASCHARAGE	PP(VI)	CP(I), MP, MM, CS, RW, GHE, CP(IV)	 	SALAISON MARCO MEYER,BASCHARAGE, Luxembourg	49,572601	5,923721
15	WIETOR-VIANDES	BEAUFORT	PP(VI)	CP(I), CP(II), MM, MP, GHE, CP(IV), CS, RW	B, P, O, C, S, A, L, wA, wL, wU	WIETOR-VIANDES,BEAUFORT, Luxembourg	49,84372	6,2713696
17	EUREST	LEUDELANGE	PP(VI)	CS, CP(I), PP(VI), RW	B, C, O, P, S	EUREST,LEUDELANGE, Luxembourg	49,5709425	6,0799865
18	SODEXO St LOUIS	ETTELBRUCK	PP(VI)	 	 	SODEXO St LOUIS,ETTELBRUCK, Luxembourg	49,6075746	6,0792625
19	BIOGROS	MUNSBACH	PP(VI)	 	 	BIOGROS,MUNSBACH, Luxembourg	49,6437483	6,2709084
20	SODEXO  CHNP	ETTELBRUCK	PP(VI)	 	 	SODEXO  CHNP,ETTELBRUCK, Luxembourg	49,8419518	6,099246
29	Pâtisserie WINANDY	LUXEMBOURG	PP(VI)	CS	 	Pâtisserie WINANDY,LUXEMBOURG, Luxembourg	49,6241616	6,189546
32	STEFFEN SALAISONS	HAGEN	PP(VI)	 	 	STEFFEN SALAISONS,HAGEN, Luxembourg	49,6591819	5,9126968
48	SUD VIANDES S.à.r.l	ESCH-ALZETTE	PP(VI)	CP(I), CS, CP(II), MP, MM	 	SUD VIANDES S.à.r.l,ESCH-ALZETTE, Luxembourg	49,5105736	5,9749209
49	L.S.LUNCH	KOETSCHETTE	PP(VI)	 	 	L.S.LUNCH,KOETSCHETTE, Luxembourg	49,83938	5,81557
50	NOVELIA	SCHIFFLANGE	PP(VI)	 	 	NOVELIA,SCHIFFLANGE, Luxembourg	49,5016652	6,0126768
51	DELI-LUNCH	WILTZ	PP(VI)	 	 	DELI-LUNCH,WILTZ, Luxembourg	49,96098	5,90493
52	DELI-SALADES	WILTZ	PP(VI)	 	 	DELI-SALADES,WILTZ, Luxembourg	49,96622	5,9324306
60	Restaurant le GRILLION	OSWEILER	PP(VI)	 	 	Restaurant le GRILLION,OSWEILER, Luxembourg	49,7858003	6,4409404
56	SUSHI & MORE	MERL	PP(VIII)	 	 	SUSHI & MORE,MERL, Luxembourg	49,61053	6,124758
45	Ferme MATHAY	FLEBOUR/MICHELAU	PP(X)	 	 	Ferme MATHAY,FLEBOUR/MICHELAU, Luxembourg	49,9137711	6,1046965
55	BIO-HAFF AN DUDEL	SPRINKANGE	PP(X)	PP(VI)	 	BIO-HAFF AN DUDEL,SPRINKANGE, Luxembourg	49,5765867	5,9573039
57	NUDDELFABRIK	SCHIFFLANGE	PP(X)	 	 	NUDDELFABRIK,SCHIFFLANGE, Luxembourg	49,5071717	6,0184172
59	AROVO	NIEDERWAMPACH	PP(X)	 	 	AROVO,NIEDERWAMPACH, Luxembourg	50,0097013	5,8400645
3	ABATTOIR ETTELBRUCK	ETTELBRUCK	SH(I)	CP(I), MM, MP, CS, SH(III)	B, P, O, C, S	ABATTOIR ETTELBRUCK,ETTELBRUCK, Luxembourg	49,8393387	6,0949203
9	COBOLUX	WECKER	SH(I)	SH(III), CP(I), CP(III), MM, MP, PP(VI), CS, RW	B, P, O, C, S, R	COBOLUX,WECKER, Luxembourg	49,6943861	6,3841408
5	FERME PAUL STEICHEN	FILSDORF	SH(II)	CP(II)	A	FERME PAUL STEICHEN,FILSDORF, Luxembourg	49,5329903	6,2465567
